{"EpRewMean": 13.887713406018095, "EVAfter": 0.23471578052423325, "KL": 9.674494322098326e-06, "EpRewSEM": 0.9641355550425528, "EpLenMean": 18.028776978417266, "EVBefore": -0.02000636120706223}
{"EpRewMean": 14.249948024161354, "EVAfter": 0.3284352236675747, "KL": 0.00010333595128031448, "EpRewSEM": 0.9813798229492835, "EpLenMean": 18.614814814814814, "EVBefore": 0.18147793542361146}
{"EpRewMean": 15.423247052727168, "EVAfter": 0.31546736638651973, "KL": 0.0005210570525377989, "EpRewSEM": 1.236841253607154, "EpLenMean": 19.14503816793893, "EVBefore": 0.29752920487937506}
{"EpRewMean": 14.260127181749768, "EVAfter": 0.39825198561641784, "KL": 0.0004195470246486366, "EpRewSEM": 1.0862931306502184, "EpLenMean": 18.284671532846716, "EVBefore": 0.3824788211955059}
{"EpRewMean": 15.761511200059658, "EVAfter": 0.31417410681376523, "KL": 0.003184935310855508, "EpRewSEM": 1.149057676758233, "EpLenMean": 19.387596899224807, "EVBefore": 0.2903556877073633}
{"EpRewMean": 21.94125129275616, "EVAfter": 0.28587720256559235, "KL": 0.01165833417326212, "EpRewSEM": 1.8605255958309217, "EpLenMean": 23.82857142857143, "EVBefore": 0.26856250655227165}
{"EpRewMean": 32.11933607683636, "EVAfter": 0.23173419204239398, "KL": 0.020215492695569992, "EpRewSEM": 3.9090898134555894, "EpLenMean": 26.967741935483872, "EVBefore": 0.159712541437118}
