{"env_id": "HalfCheetah-v1", "t_start": 1504648199.388361, "gym_version": "0.9.2"}
{"r": -281.0414588402435, "t": 5.508878, "l": 1000}
{"r": -299.5205241639227, "t": 7.348061, "l": 1000}
{"r": -329.99942763718167, "t": 9.152984, "l": 1000}
{"r": -355.4814284321548, "t": 11.65004, "l": 1000}
{"r": -226.98526193461703, "t": 13.445724, "l": 1000}
{"r": -382.9476410651303, "t": 15.230506, "l": 1000}
{"r": -320.0175558504264, "t": 16.539329, "l": 1000}
{"r": -440.41088919067, "t": 17.403071, "l": 1000}
{"r": -327.3717991635633, "t": 18.274363, "l": 1000}
{"r": -263.38768981457724, "t": 19.487099, "l": 1000}
{"r": -296.66494894387665, "t": 20.360927, "l": 1000}
{"r": -262.79466632032836, "t": 21.23081, "l": 1000}
{"r": -427.55346604742056, "t": 22.443789, "l": 1000}
