{"EpLenMean": 1000.0, "EVAfter": -0.1550378237929353, "EVBefore": -0.03327471689557693, "KL": 2.11796964322275e-06, "EpRewSEM": 11.654473184927093, "EpRewMean": -303.52047021378263}
{"EpLenMean": 1000.0, "EVAfter": -0.0698336649350273, "EVBefore": -0.35693798347312033, "KL": 1.886388417915441e-05, "EpRewSEM": 39.247515299986816, "EpRewMean": -321.80477714396756}
{"EpLenMean": 1000.0, "EVAfter": 0.16186040916117161, "EVBefore": -0.12013580379258815, "KL": 0.002695265458896756, "EpRewSEM": 31.813388447400495, "EpRewMean": -362.6000814015533}
{"EpLenMean": 1000.0, "EVAfter": 0.04885309382501768, "EVBefore": -0.14316118690550406, "KL": 0.0022461058106273413, "EpRewSEM": 9.138692055338636, "EpRewMean": -274.28243502626066}
